{"oAZDI8tfac+lmDrXuRowXA==":"screen%20shot%202019-11-08%20at%2012.05.57%20pm-122x105.png","R2YNBzvpjgbs5rzTrMDsew==":"screen%20shot%202019-11-08%20at%2012.05.57%20pm-192x166.png","XhDYBd0t2YPV+GVRgkJZgw==":"screen%20shot%202019-11-08%20at%2012.05.57%20pm-205x177.png","kprh/aizps3tYTrHjiEhdA==":"img_38ce61b8b2e0-1-240x210.jpg","jIh5g9UI3UFXKtS58eSflg==":"img-1317-240x320.jpg","KYeN6FVKi5D78rapvuwYLQ==":"9e1fd366-bba1-43d0-a13a-94e1b71b8099-1162x1162.jpg","pC5QSLYStjeCe/ovl4AASw==":"img-1318-1162x1549.jpg"}